"x","y","col"
1,79,3
2,79,2
3,79,2
4,79,1
5,79,1
6,79,1
7,79,1
8,79,1
9,79,1
10,79,1
11,79,1
12,79,1
13,79,1
14,79,1
15,79,1
16,79,1
17,79,1
18,79,1
19,79,1
20,79,1
21,79,1
22,79,1
23,79,1
24,79,1
25,79,1
26,79,1
27,79,1
28,79,2
29,79,2
30,79,2
31,79,2
32,79,2
33,79,2
34,79,2
35,79,2
36,79,2
37,79,2
38,79,2
39,79,2
40,79,2
41,79,3
42,79,3
43,79,3
44,79,3
45,79,3
46,79,3
47,79,3
48,79,3
49,79,3
50,79,3
1,78,2
2,78,2
3,78,1
4,78,1
5,78,1
6,78,1
7,78,1
8,78,1
9,78,1
10,78,1
11,78,1
12,78,1
13,78,1
14,78,1
15,78,1
16,78,1
17,78,1
18,78,1
19,78,1
20,78,1
21,78,1
22,78,1
23,78,1
24,78,1
25,78,1
26,78,1
27,78,1
28,78,2
29,78,2
30,78,2
31,78,2
32,78,2
33,78,2
34,78,2
35,78,2
36,78,2
37,78,2
38,78,2
39,78,2
40,78,2
41,78,3
42,78,3
43,78,3
44,78,3
45,78,3
46,78,3
47,78,3
48,78,3
49,78,3
50,78,3
1,77,2
2,77,1
3,77,1
4,77,1
5,77,1
6,77,1
7,77,1
8,77,1
9,77,1
10,77,1
11,77,1
12,77,1
13,77,1
14,77,1
15,77,1
16,77,1
17,77,1
18,77,1
19,77,1
20,77,1
21,77,1
22,77,1
23,77,1
24,77,1
25,77,1
26,77,1
27,77,1
28,77,2
29,77,2
30,77,2
31,77,2
32,77,2
33,77,2
34,77,2
35,77,2
36,77,2
37,77,2
38,77,2
39,77,2
40,77,2
41,77,3
42,77,3
43,77,3
44,77,3
45,77,3
46,77,3
47,77,3
48,77,3
49,77,3
50,77,3
1,76,2
2,76,1
3,76,1
4,76,1
5,76,1
6,76,1
7,76,1
8,76,1
9,76,1
10,76,1
11,76,1
12,76,1
13,76,1
14,76,1
15,76,1
16,76,1
17,76,1
18,76,1
19,76,1
20,76,1
21,76,1
22,76,1
23,76,1
24,76,1
25,76,1
26,76,1
27,76,1
28,76,2
29,76,2
30,76,2
31,76,2
32,76,2
33,76,2
34,76,2
35,76,2
36,76,2
37,76,2
38,76,2
39,76,2
40,76,2
41,76,2
42,76,3
43,76,3
44,76,3
45,76,3
46,76,3
47,76,3
48,76,3
49,76,3
50,76,3
1,75,2
2,75,1
3,75,1
4,75,1
5,75,1
6,75,1
7,75,1
8,75,1
9,75,1
10,75,1
11,75,1
12,75,1
13,75,1
14,75,1
15,75,1
16,75,1
17,75,1
18,75,1
19,75,1
20,75,1
21,75,1
22,75,1
23,75,1
24,75,1
25,75,1
26,75,1
27,75,2
28,75,2
29,75,2
30,75,2
31,75,3
32,75,2
33,75,2
34,75,2
35,75,2
36,75,2
37,75,2
38,75,2
39,75,2
40,75,2
41,75,2
42,75,3
43,75,3
44,75,3
45,75,3
46,75,3
47,75,3
48,75,3
49,75,3
50,75,3
1,74,2
2,74,1
3,74,1
4,74,1
5,74,1
6,74,1
7,74,1
8,74,1
9,74,1
10,74,1
11,74,1
12,74,1
13,74,1
14,74,1
15,74,1
16,74,1
17,74,1
18,74,1
19,74,1
20,74,1
21,74,1
22,74,1
23,74,1
24,74,1
25,74,1
26,74,1
27,74,2
28,74,2
29,74,2
30,74,2
31,74,3
32,74,3
33,74,2
34,74,2
35,74,2
36,74,2
37,74,2
38,74,2
39,74,2
40,74,2
41,74,2
42,74,2
43,74,3
44,74,3
45,74,3
46,74,3
47,74,3
48,74,3
49,74,3
50,74,3
1,73,2
2,73,1
3,73,1
4,73,1
5,73,1
6,73,1
7,73,1
8,73,1
9,73,1
10,73,1
11,73,1
12,73,1
13,73,1
14,73,1
15,73,1
16,73,1
17,73,1
18,73,1
19,73,1
20,73,1
21,73,1
22,73,1
23,73,1
24,73,1
25,73,1
26,73,1
27,73,2
28,73,2
29,73,2
30,73,2
31,73,3
32,73,2
33,73,2
34,73,2
35,73,2
36,73,2
37,73,2
38,73,2
39,73,2
40,73,2
41,73,2
42,73,2
43,73,2
44,73,3
45,73,3
46,73,3
47,73,3
48,73,3
49,73,3
50,73,3
1,72,2
2,72,1
3,72,1
4,72,1
5,72,1
6,72,1
7,72,1
8,72,1
9,72,1
10,72,1
11,72,1
12,72,1
13,72,1
14,72,1
15,72,1
16,72,1
17,72,1
18,72,1
19,72,1
20,72,1
21,72,1
22,72,1
23,72,1
24,72,1
25,72,1
26,72,1
27,72,2
28,72,2
29,72,2
30,72,2
31,72,1
32,72,1
33,72,2
34,72,2
35,72,2
36,72,2
37,72,2
38,72,2
39,72,2
40,72,2
41,72,2
42,72,2
43,72,2
44,72,3
45,72,3
46,72,3
47,72,3
48,72,3
49,72,3
50,72,3
1,71,2
2,71,1
3,71,1
4,71,1
5,71,1
6,71,1
7,71,1
8,71,1
9,71,1
10,71,1
11,71,1
12,71,1
13,71,1
14,71,1
15,71,1
16,71,1
17,71,1
18,71,1
19,71,1
20,71,1
21,71,1
22,71,1
23,71,1
24,71,1
25,71,1
26,71,2
27,71,2
28,71,2
29,71,2
30,71,1
31,71,1
32,71,2
33,71,2
34,71,2
35,71,2
36,71,2
37,71,2
38,71,2
39,71,2
40,71,2
41,71,2
42,71,2
43,71,2
44,71,3
45,71,3
46,71,3
47,71,3
48,71,3
49,71,3
50,71,3
1,70,2
2,70,2
3,70,1
4,70,1
5,70,1
6,70,1
7,70,1
8,70,1
9,70,1
10,70,1
11,70,1
12,70,1
13,70,1
14,70,1
15,70,1
16,70,1
17,70,1
18,70,1
19,70,2
20,70,1
21,70,2
22,70,2
23,70,2
24,70,2
25,70,1
26,70,2
27,70,2
28,70,1
29,70,1
30,70,1
31,70,2
32,70,2
33,70,2
34,70,2
35,70,2
36,70,2
37,70,2
38,70,2
39,70,2
40,70,2
41,70,2
42,70,2
43,70,2
44,70,2
45,70,3
46,70,3
47,70,3
48,70,3
49,70,3
50,70,3
1,69,2
2,69,2
3,69,1
4,69,1
5,69,1
6,69,1
7,69,1
8,69,1
9,69,1
10,69,1
11,69,1
12,69,1
13,69,1
14,69,1
15,69,1
16,69,1
17,69,1
18,69,1
19,69,1
20,69,1
21,69,1
22,69,1
23,69,1
24,69,1
25,69,2
26,69,1
27,69,1
28,69,1
29,69,2
30,69,2
31,69,2
32,69,2
33,69,2
34,69,2
35,69,2
36,69,2
37,69,2
38,69,2
39,69,2
40,69,2
41,69,2
42,69,2
43,69,2
44,69,2
45,69,3
46,69,3
47,69,3
48,69,3
49,69,3
50,69,3
1,68,2
2,68,2
3,68,1
4,68,1
5,68,1
6,68,1
7,68,1
8,68,1
9,68,1
10,68,1
11,68,1
12,68,1
13,68,1
14,68,1
15,68,1
16,68,1
17,68,1
18,68,1
19,68,1
20,68,1
21,68,1
22,68,2
23,68,2
24,68,1
25,68,1
26,68,2
27,68,2
28,68,2
29,68,2
30,68,2
31,68,2
32,68,2
33,68,2
34,68,2
35,68,2
36,68,2
37,68,2
38,68,2
39,68,2
40,68,2
41,68,2
42,68,2
43,68,2
44,68,2
45,68,3
46,68,3
47,68,3
48,68,3
49,68,3
50,68,3
1,67,2
2,67,2
3,67,2
4,67,1
5,67,2
6,67,1
7,67,1
8,67,1
9,67,1
10,67,1
11,67,1
12,67,1
13,67,1
14,67,1
15,67,1
16,67,1
17,67,1
18,67,1
19,67,1
20,67,1
21,67,1
22,67,2
23,67,1
24,67,1
25,67,1
26,67,2
27,67,2
28,67,2
29,67,2
30,67,2
31,67,2
32,67,2
33,67,2
34,67,2
35,67,2
36,67,2
37,67,2
38,67,2
39,67,2
40,67,2
41,67,2
42,67,2
43,67,2
44,67,2
45,67,2
46,67,3
47,67,3
48,67,3
49,67,3
50,67,3
1,66,2
2,66,2
3,66,2
4,66,1
5,66,2
6,66,2
7,66,1
8,66,1
9,66,1
10,66,1
11,66,1
12,66,1
13,66,1
14,66,1
15,66,1
16,66,1
17,66,1
18,66,1
19,66,1
20,66,1
21,66,2
22,66,2
23,66,2
24,66,2
25,66,2
26,66,2
27,66,2
28,66,2
29,66,2
30,66,2
31,66,2
32,66,2
33,66,2
34,66,2
35,66,2
36,66,2
37,66,2
38,66,2
39,66,2
40,66,2
41,66,2
42,66,2
43,66,2
44,66,2
45,66,2
46,66,3
47,66,3
48,66,3
49,66,3
50,66,3
1,65,2
2,65,2
3,65,2
4,65,1
5,65,2
6,65,2
7,65,2
8,65,1
9,65,1
10,65,2
11,65,2
12,65,2
13,65,2
14,65,2
15,65,2
16,65,2
17,65,2
18,65,2
19,65,2
20,65,2
21,65,2
22,65,2
23,65,2
24,65,2
25,65,2
26,65,2
27,65,2
28,65,2
29,65,2
30,65,2
31,65,1
32,65,2
33,65,2
34,65,2
35,65,2
36,65,2
37,65,2
38,65,2
39,65,2
40,65,2
41,65,2
42,65,2
43,65,2
44,65,2
45,65,2
46,65,3
47,65,3
48,65,3
49,65,3
50,65,3
1,64,2
2,64,2
3,64,2
4,64,1
5,64,2
6,64,2
7,64,2
8,64,1
9,64,1
10,64,1
11,64,2
12,64,2
13,64,2
14,64,2
15,64,2
16,64,2
17,64,2
18,64,2
19,64,2
20,64,2
21,64,2
22,64,2
23,64,2
24,64,2
25,64,1
26,64,2
27,64,2
28,64,2
29,64,2
30,64,2
31,64,2
32,64,2
33,64,2
34,64,2
35,64,2
36,64,2
37,64,2
38,64,2
39,64,2
40,64,2
41,64,2
42,64,2
43,64,2
44,64,2
45,64,2
46,64,2
47,64,3
48,64,3
49,64,3
50,64,3
1,63,2
2,63,2
3,63,2
4,63,1
5,63,1
6,63,2
7,63,2
8,63,1
9,63,1
10,63,1
11,63,2
12,63,2
13,63,2
14,63,2
15,63,2
16,63,2
17,63,2
18,63,2
19,63,2
20,63,2
21,63,2
22,63,2
23,63,2
24,63,2
25,63,1
26,63,2
27,63,2
28,63,2
29,63,2
30,63,2
31,63,2
32,63,2
33,63,2
34,63,2
35,63,2
36,63,2
37,63,2
38,63,2
39,63,2
40,63,2
41,63,2
42,63,2
43,63,2
44,63,2
45,63,2
46,63,2
47,63,3
48,63,3
49,63,3
50,63,3
1,62,2
2,62,2
3,62,2
4,62,2
5,62,1
6,62,2
7,62,2
8,62,1
9,62,1
10,62,1
11,62,2
12,62,2
13,62,2
14,62,2
15,62,2
16,62,2
17,62,2
18,62,2
19,62,2
20,62,2
21,62,2
22,62,2
23,62,2
24,62,2
25,62,2
26,62,1
27,62,2
28,62,2
29,62,2
30,62,2
31,62,2
32,62,2
33,62,2
34,62,2
35,62,2
36,62,2
37,62,2
38,62,2
39,62,2
40,62,2
41,62,2
42,62,2
43,62,2
44,62,2
45,62,2
46,62,2
47,62,3
48,62,3
49,62,2
50,62,3
1,61,2
2,61,2
3,61,2
4,61,2
5,61,1
6,61,2
7,61,1
8,61,1
9,61,1
10,61,1
11,61,2
12,61,2
13,61,2
14,61,2
15,61,2
16,61,2
17,61,2
18,61,2
19,61,2
20,61,2
21,61,2
22,61,2
23,61,2
24,61,2
25,61,2
26,61,2
27,61,2
28,61,2
29,61,2
30,61,2
31,61,2
32,61,2
33,61,2
34,61,2
35,61,2
36,61,2
37,61,2
38,61,2
39,61,2
40,61,2
41,61,2
42,61,2
43,61,2
44,61,2
45,61,2
46,61,2
47,61,3
48,61,2
49,61,3
50,61,3
1,60,2
2,60,2
3,60,2
4,60,2
5,60,1
6,60,2
7,60,2
8,60,1
9,60,1
10,60,1
11,60,2
12,60,2
13,60,2
14,60,2
15,60,2
16,60,2
17,60,2
18,60,2
19,60,2
20,60,2
21,60,2
22,60,2
23,60,2
24,60,2
25,60,1
26,60,2
27,60,2
28,60,2
29,60,2
30,60,2
31,60,2
32,60,2
33,60,2
34,60,2
35,60,2
36,60,2
37,60,2
38,60,2
39,60,2
40,60,2
41,60,2
42,60,2
43,60,2
44,60,2
45,60,2
46,60,2
47,60,2
48,60,2
49,60,2
50,60,2
1,59,2
2,59,2
3,59,2
4,59,2
5,59,1
6,59,1
7,59,1
8,59,2
9,59,1
10,59,2
11,59,2
12,59,2
13,59,2
14,59,2
15,59,2
16,59,2
17,59,2
18,59,2
19,59,2
20,59,2
21,59,2
22,59,2
23,59,2
24,59,2
25,59,2
26,59,2
27,59,1
28,59,2
29,59,2
30,59,2
31,59,2
32,59,2
33,59,2
34,59,2
35,59,2
36,59,2
37,59,2
38,59,2
39,59,2
40,59,2
41,59,2
42,59,2
43,59,2
44,59,2
45,59,2
46,59,2
47,59,2
48,59,2
49,59,2
50,59,3
1,58,2
2,58,2
3,58,2
4,58,2
5,58,1
6,58,1
7,58,2
8,58,1
9,58,1
10,58,2
11,58,2
12,58,2
13,58,2
14,58,2
15,58,2
16,58,2
17,58,2
18,58,2
19,58,2
20,58,2
21,58,2
22,58,2
23,58,2
24,58,2
25,58,2
26,58,2
27,58,2
28,58,2
29,58,2
30,58,2
31,58,2
32,58,2
33,58,2
34,58,2
35,58,2
36,58,2
37,58,2
38,58,2
39,58,2
40,58,2
41,58,2
42,58,2
43,58,1
44,58,2
45,58,2
46,58,2
47,58,2
48,58,2
49,58,2
50,58,3
1,57,2
2,57,2
3,57,2
4,57,2
5,57,1
6,57,1
7,57,1
8,57,1
9,57,1
10,57,1
11,57,2
12,57,2
13,57,2
14,57,2
15,57,2
16,57,2
17,57,2
18,57,2
19,57,2
20,57,2
21,57,2
22,57,2
23,57,2
24,57,2
25,57,1
26,57,2
27,57,2
28,57,2
29,57,1
30,57,2
31,57,2
32,57,2
33,57,2
34,57,2
35,57,2
36,57,2
37,57,2
38,57,2
39,57,2
40,57,2
41,57,2
42,57,2
43,57,2
44,57,2
45,57,2
46,57,1
47,57,2
48,57,2
49,57,2
50,57,3
1,56,2
2,56,2
3,56,2
4,56,2
5,56,1
6,56,1
7,56,1
8,56,1
9,56,1
10,56,2
11,56,2
12,56,2
13,56,2
14,56,2
15,56,2
16,56,2
17,56,2
18,56,2
19,56,2
20,56,2
21,56,2
22,56,2
23,56,2
24,56,2
25,56,2
26,56,2
27,56,1
28,56,1
29,56,1
30,56,1
31,56,2
32,56,2
33,56,2
34,56,2
35,56,2
36,56,2
37,56,2
38,56,2
39,56,2
40,56,2
41,56,2
42,56,1
43,56,1
44,56,2
45,56,2
46,56,2
47,56,2
48,56,2
49,56,3
50,56,3
1,55,2
2,55,2
3,55,2
4,55,2
5,55,1
6,55,1
7,55,1
8,55,1
9,55,1
10,55,1
11,55,1
12,55,1
13,55,1
14,55,1
15,55,1
16,55,1
17,55,1
18,55,1
19,55,1
20,55,1
21,55,1
22,55,1
23,55,1
24,55,1
25,55,1
26,55,1
27,55,1
28,55,1
29,55,1
30,55,1
31,55,1
32,55,2
33,55,2
34,55,2
35,55,2
36,55,2
37,55,2
38,55,1
39,55,1
40,55,2
41,55,2
42,55,2
43,55,1
44,55,2
45,55,2
46,55,2
47,55,2
48,55,3
49,55,3
50,55,3
1,54,2
2,54,2
3,54,2
4,54,2
5,54,1
6,54,1
7,54,1
8,54,1
9,54,1
10,54,1
11,54,1
12,54,1
13,54,1
14,54,1
15,54,1
16,54,1
17,54,1
18,54,1
19,54,1
20,54,1
21,54,1
22,54,1
23,54,1
24,54,1
25,54,1
26,54,1
27,54,1
28,54,1
29,54,1
30,54,1
31,54,1
32,54,1
33,54,2
34,54,2
35,54,2
36,54,2
37,54,2
38,54,2
39,54,2
40,54,2
41,54,1
42,54,2
43,54,1
44,54,2
45,54,2
46,54,2
47,54,2
48,54,2
49,54,2
50,54,2
1,53,2
2,53,2
3,53,2
4,53,2
5,53,1
6,53,1
7,53,1
8,53,1
9,53,1
10,53,1
11,53,1
12,53,1
13,53,2
14,53,1
15,53,1
16,53,2
17,53,1
18,53,2
19,53,2
20,53,2
21,53,1
22,53,2
23,53,2
24,53,1
25,53,2
26,53,2
27,53,1
28,53,2
29,53,2
30,53,2
31,53,2
32,53,1
33,53,1
34,53,2
35,53,2
36,53,2
37,53,2
38,53,2
39,53,2
40,53,2
41,53,2
42,53,2
43,53,1
44,53,2
45,53,2
46,53,2
47,53,2
48,53,2
49,53,2
50,53,2
1,52,2
2,52,2
3,52,2
4,52,2
5,52,1
6,52,1
7,52,1
8,52,1
9,52,1
10,52,1
11,52,2
12,52,2
13,52,2
14,52,2
15,52,2
16,52,2
17,52,2
18,52,2
19,52,2
20,52,2
21,52,2
22,52,2
23,52,2
24,52,2
25,52,2
26,52,2
27,52,2
28,52,2
29,52,1
30,52,2
31,52,2
32,52,2
33,52,1
34,52,1
35,52,1
36,52,2
37,52,2
38,52,2
39,52,2
40,52,2
41,52,2
42,52,2
43,52,2
44,52,2
45,52,2
46,52,2
47,52,2
48,52,3
49,52,2
50,52,2
1,51,2
2,51,2
3,51,2
4,51,2
5,51,2
6,51,1
7,51,1
8,51,2
9,51,1
10,51,1
11,51,1
12,51,2
13,51,2
14,51,2
15,51,2
16,51,2
17,51,2
18,51,2
19,51,2
20,51,2
21,51,2
22,51,2
23,51,2
24,51,2
25,51,2
26,51,2
27,51,2
28,51,2
29,51,2
30,51,2
31,51,2
32,51,2
33,51,2
34,51,2
35,51,1
36,51,1
37,51,1
38,51,1
39,51,1
40,51,1
41,51,1
42,51,1
43,51,1
44,51,2
45,51,2
46,51,2
47,51,2
48,51,3
49,51,2
50,51,2
1,50,2
2,50,2
3,50,2
4,50,2
5,50,2
6,50,1
7,50,1
8,50,1
9,50,1
10,50,2
11,50,2
12,50,2
13,50,2
14,50,2
15,50,2
16,50,2
17,50,2
18,50,2
19,50,2
20,50,2
21,50,2
22,50,2
23,50,2
24,50,2
25,50,1
26,50,1
27,50,2
28,50,2
29,50,2
30,50,2
31,50,2
32,50,2
33,50,2
34,50,1
35,50,1
36,50,1
37,50,1
38,50,1
39,50,1
40,50,1
41,50,1
42,50,1
43,50,2
44,50,2
45,50,2
46,50,2
47,50,2
48,50,3
49,50,3
50,50,3
1,49,2
2,49,2
3,49,2
4,49,2
5,49,1
6,49,1
7,49,1
8,49,1
9,49,1
10,49,2
11,49,2
12,49,2
13,49,2
14,49,2
15,49,2
16,49,2
17,49,2
18,49,2
19,49,2
20,49,2
21,49,2
22,49,2
23,49,2
24,49,2
25,49,2
26,49,2
27,49,2
28,49,1
29,49,2
30,49,2
31,49,2
32,49,1
33,49,2
34,49,1
35,49,2
36,49,2
37,49,1
38,49,1
39,49,1
40,49,1
41,49,1
42,49,1
43,49,2
44,49,2
45,49,2
46,49,2
47,49,2
48,49,3
49,49,3
50,49,3
1,48,2
2,48,2
3,48,2
4,48,2
5,48,2
6,48,1
7,48,1
8,48,1
9,48,2
10,48,1
11,48,1
12,48,1
13,48,1
14,48,2
15,48,2
16,48,2
17,48,2
18,48,2
19,48,2
20,48,2
21,48,2
22,48,2
23,48,2
24,48,1
25,48,2
26,48,1
27,48,1
28,48,1
29,48,1
30,48,1
31,48,1
32,48,1
33,48,1
34,48,1
35,48,1
36,48,1
37,48,1
38,48,1
39,48,1
40,48,2
41,48,1
42,48,2
43,48,2
44,48,2
45,48,2
46,48,2
47,48,2
48,48,2
49,48,3
50,48,3
1,47,2
2,47,2
3,47,2
4,47,2
5,47,2
6,47,1
7,47,1
8,47,1
9,47,1
10,47,1
11,47,1
12,47,1
13,47,1
14,47,1
15,47,1
16,47,1
17,47,1
18,47,1
19,47,1
20,47,1
21,47,1
22,47,1
23,47,1
24,47,1
25,47,1
26,47,1
27,47,1
28,47,1
29,47,1
30,47,1
31,47,1
32,47,1
33,47,1
34,47,1
35,47,1
36,47,1
37,47,1
38,47,1
39,47,1
40,47,1
41,47,2
42,47,2
43,47,2
44,47,3
45,47,3
46,47,3
47,47,3
48,47,3
49,47,3
50,47,3
1,46,2
2,46,2
3,46,2
4,46,2
5,46,1
6,46,1
7,46,1
8,46,1
9,46,1
10,46,1
11,46,1
12,46,1
13,46,1
14,46,1
15,46,1
16,46,1
17,46,1
18,46,2
19,46,1
20,46,1
21,46,1
22,46,1
23,46,1
24,46,1
25,46,1
26,46,1
27,46,1
28,46,1
29,46,1
30,46,1
31,46,1
32,46,1
33,46,1
34,46,1
35,46,1
36,46,1
37,46,1
38,46,1
39,46,1
40,46,1
41,46,2
42,46,3
43,46,3
44,46,3
45,46,3
46,46,3
47,46,3
48,46,3
49,46,3
50,46,3
1,45,1
2,45,2
3,45,3
4,45,3
5,45,2
6,45,1
7,45,1
8,45,1
9,45,1
10,45,1
11,45,1
12,45,1
13,45,1
14,45,1
15,45,1
16,45,1
17,45,1
18,45,1
19,45,1
20,45,1
21,45,1
22,45,1
23,45,1
24,45,1
25,45,1
26,45,1
27,45,1
28,45,1
29,45,1
30,45,1
31,45,1
32,45,1
33,45,1
34,45,1
35,45,1
36,45,1
37,45,1
38,45,1
39,45,1
40,45,2
41,45,2
42,45,3
43,45,3
44,45,3
45,45,3
46,45,3
47,45,3
48,45,3
49,45,3
50,45,3
1,44,2
2,44,1
3,44,2
4,44,1
5,44,1
6,44,1
7,44,1
8,44,1
9,44,1
10,44,1
11,44,1
12,44,1
13,44,1
14,44,1
15,44,1
16,44,1
17,44,1
18,44,1
19,44,1
20,44,1
21,44,1
22,44,1
23,44,1
24,44,1
25,44,1
26,44,1
27,44,1
28,44,1
29,44,1
30,44,1
31,44,1
32,44,1
33,44,1
34,44,1
35,44,1
36,44,1
37,44,1
38,44,1
39,44,1
40,44,1
41,44,2
42,44,2
43,44,3
44,44,3
45,44,3
46,44,3
47,44,3
48,44,3
49,44,3
50,44,3
1,43,2
2,43,1
3,43,2
4,43,3
5,43,1
6,43,1
7,43,1
8,43,1
9,43,1
10,43,1
11,43,1
12,43,1
13,43,1
14,43,1
15,43,1
16,43,1
17,43,1
18,43,1
19,43,1
20,43,1
21,43,1
22,43,1
23,43,1
24,43,1
25,43,1
26,43,1
27,43,1
28,43,1
29,43,1
30,43,1
31,43,1
32,43,1
33,43,1
34,43,1
35,43,1
36,43,1
37,43,1
38,43,1
39,43,1
40,43,1
41,43,2
42,43,2
43,43,2
44,43,3
45,43,3
46,43,3
47,43,3
48,43,3
49,43,3
50,43,3
1,42,1
2,42,1
3,42,3
4,42,1
5,42,1
6,42,1
7,42,1
8,42,1
9,42,1
10,42,1
11,42,1
12,42,1
13,42,1
14,42,1
15,42,1
16,42,1
17,42,1
18,42,1
19,42,1
20,42,1
21,42,1
22,42,1
23,42,1
24,42,1
25,42,1
26,42,1
27,42,1
28,42,1
29,42,1
30,42,1
31,42,1
32,42,1
33,42,1
34,42,1
35,42,1
36,42,1
37,42,1
38,42,1
39,42,1
40,42,1
41,42,2
42,42,2
43,42,2
44,42,3
45,42,3
46,42,3
47,42,3
48,42,3
49,42,3
50,42,3
1,41,1
2,41,1
3,41,1
4,41,2
5,41,1
6,41,1
7,41,1
8,41,1
9,41,1
10,41,1
11,41,1
12,41,1
13,41,1
14,41,1
15,41,1
16,41,1
17,41,1
18,41,1
19,41,1
20,41,1
21,41,1
22,41,1
23,41,1
24,41,1
25,41,1
26,41,1
27,41,1
28,41,1
29,41,1
30,41,1
31,41,1
32,41,1
33,41,1
34,41,1
35,41,1
36,41,1
37,41,1
38,41,1
39,41,1
40,41,1
41,41,2
42,41,2
43,41,2
44,41,3
45,41,3
46,41,3
47,41,3
48,41,3
49,41,3
50,41,3
1,40,1
2,40,1
3,40,1
4,40,3
5,40,1
6,40,1
7,40,1
8,40,1
9,40,1
10,40,1
11,40,1
12,40,1
13,40,1
14,40,1
15,40,1
16,40,1
17,40,1
18,40,1
19,40,1
20,40,1
21,40,1
22,40,1
23,40,1
24,40,1
25,40,1
26,40,1
27,40,1
28,40,1
29,40,1
30,40,1
31,40,1
32,40,1
33,40,1
34,40,1
35,40,1
36,40,2
37,40,1
38,40,1
39,40,2
40,40,2
41,40,2
42,40,2
43,40,2
44,40,3
45,40,3
46,40,3
47,40,3
48,40,3
49,40,3
50,40,3
1,39,1
2,39,1
3,39,1
4,39,2
5,39,1
6,39,1
7,39,1
8,39,1
9,39,1
10,39,1
11,39,1
12,39,1
13,39,1
14,39,1
15,39,1
16,39,1
17,39,1
18,39,1
19,39,1
20,39,1
21,39,1
22,39,1
23,39,1
24,39,1
25,39,1
26,39,1
27,39,1
28,39,1
29,39,1
30,39,1
31,39,2
32,39,2
33,39,2
34,39,2
35,39,2
36,39,2
37,39,2
38,39,2
39,39,1
40,39,1
41,39,1
42,39,2
43,39,2
44,39,3
45,39,3
46,39,3
47,39,3
48,39,3
49,39,3
50,39,3
1,38,1
2,38,1
3,38,1
4,38,1
5,38,2
6,38,1
7,38,1
8,38,1
9,38,1
10,38,1
11,38,1
12,38,2
13,38,1
14,38,1
15,38,1
16,38,1
17,38,2
18,38,2
19,38,1
20,38,2
21,38,1
22,38,1
23,38,2
24,38,2
25,38,2
26,38,1
27,38,1
28,38,2
29,38,2
30,38,2
31,38,1
32,38,1
33,38,1
34,38,1
35,38,1
36,38,1
37,38,1
38,38,1
39,38,1
40,38,1
41,38,1
42,38,2
43,38,2
44,38,3
45,38,3
46,38,3
47,38,3
48,38,3
49,38,3
50,38,3
1,37,1
2,37,1
3,37,1
4,37,1
5,37,1
6,37,1
7,37,1
8,37,1
9,37,1
10,37,2
11,37,1
12,37,1
13,37,1
14,37,1
15,37,1
16,37,1
17,37,1
18,37,1
19,37,1
20,37,1
21,37,1
22,37,2
23,37,2
24,37,2
25,37,2
26,37,1
27,37,1
28,37,1
29,37,1
30,37,2
31,37,1
32,37,1
33,37,1
34,37,1
35,37,1
36,37,1
37,37,1
38,37,1
39,37,2
40,37,2
41,37,2
42,37,2
43,37,2
44,37,2
45,37,3
46,37,3
47,37,3
48,37,3
49,37,3
50,37,3
1,36,1
2,36,1
3,36,1
4,36,1
5,36,1
6,36,1
7,36,1
8,36,1
9,36,1
10,36,1
11,36,1
12,36,1
13,36,1
14,36,1
15,36,1
16,36,1
17,36,1
18,36,2
19,36,2
20,36,2
21,36,1
22,36,1
23,36,1
24,36,1
25,36,1
26,36,1
27,36,1
28,36,1
29,36,1
30,36,1
31,36,1
32,36,2
33,36,2
34,36,2
35,36,2
36,36,2
37,36,2
38,36,2
39,36,2
40,36,2
41,36,2
42,36,2
43,36,2
44,36,2
45,36,3
46,36,3
47,36,3
48,36,3
49,36,3
50,36,3
1,35,1
2,35,1
3,35,1
4,35,1
5,35,1
6,35,1
7,35,1
8,35,1
9,35,1
10,35,1
11,35,1
12,35,2
13,35,2
14,35,2
15,35,2
16,35,2
17,35,2
18,35,2
19,35,2
20,35,2
21,35,2
22,35,2
23,35,2
24,35,2
25,35,2
26,35,2
27,35,2
28,35,2
29,35,2
30,35,2
31,35,2
32,35,2
33,35,2
34,35,2
35,35,2
36,35,2
37,35,2
38,35,2
39,35,2
40,35,2
41,35,2
42,35,2
43,35,2
44,35,2
45,35,3
46,35,3
47,35,3
48,35,3
49,35,3
50,35,3
1,34,1
2,34,1
3,34,3
4,34,1
5,34,1
6,34,1
7,34,1
8,34,1
9,34,2
10,34,2
11,34,2
12,34,2
13,34,1
14,34,2
15,34,2
16,34,2
17,34,2
18,34,2
19,34,2
20,34,2
21,34,2
22,34,2
23,34,2
24,34,2
25,34,2
26,34,2
27,34,2
28,34,2
29,34,2
30,34,2
31,34,2
32,34,2
33,34,2
34,34,2
35,34,2
36,34,2
37,34,2
38,34,2
39,34,2
40,34,2
41,34,2
42,34,2
43,34,1
44,34,1
45,34,3
46,34,3
47,34,3
48,34,3
49,34,3
50,34,3
1,33,3
2,33,3
3,33,2
4,33,2
5,33,2
6,33,2
7,33,1
8,33,1
9,33,2
10,33,2
11,33,2
12,33,2
13,33,2
14,33,2
15,33,2
16,33,2
17,33,2
18,33,2
19,33,2
20,33,2
21,33,2
22,33,2
23,33,2
24,33,2
25,33,2
26,33,2
27,33,1
28,33,2
29,33,2
30,33,2
31,33,2
32,33,2
33,33,2
34,33,2
35,33,1
36,33,1
37,33,1
38,33,1
39,33,1
40,33,1
41,33,1
42,33,1
43,33,1
44,33,2
45,33,3
46,33,3
47,33,3
48,33,3
49,33,3
50,33,3
1,32,3
2,32,3
3,32,1
4,32,2
5,32,2
6,32,2
7,32,2
8,32,2
9,32,1
10,32,1
11,32,2
12,32,2
13,32,2
14,32,2
15,32,2
16,32,2
17,32,2
18,32,2
19,32,2
20,32,2
21,32,2
22,32,2
23,32,2
24,32,2
25,32,2
26,32,2
27,32,2
28,32,1
29,32,1
30,32,1
31,32,1
32,32,1
33,32,1
34,32,1
35,32,1
36,32,1
37,32,1
38,32,1
39,32,1
40,32,2
41,32,2
42,32,2
43,32,2
44,32,2
45,32,3
46,32,2
47,32,2
48,32,3
49,32,3
50,32,2
1,31,3
2,31,3
3,31,1
4,31,2
5,31,2
6,31,1
7,31,2
8,31,2
9,31,2
10,31,2
11,31,1
12,31,1
13,31,1
14,31,1
15,31,1
16,31,1
17,31,1
18,31,1
19,31,2
20,31,1
21,31,1
22,31,1
23,31,1
24,31,1
25,31,1
26,31,1
27,31,1
28,31,1
29,31,1
30,31,1
31,31,1
32,31,1
33,31,2
34,31,2
35,31,2
36,31,2
37,31,2
38,31,2
39,31,2
40,31,2
41,31,2
42,31,2
43,31,2
44,31,2
45,31,2
46,31,3
47,31,3
48,31,3
49,31,3
50,31,3
1,30,3
2,30,3
3,30,1
4,30,2
5,30,2
6,30,1
7,30,1
8,30,1
9,30,1
10,30,1
11,30,1
12,30,1
13,30,1
14,30,1
15,30,1
16,30,1
17,30,1
18,30,1
19,30,1
20,30,1
21,30,1
22,30,1
23,30,1
24,30,1
25,30,1
26,30,1
27,30,1
28,30,2
29,30,2
30,30,2
31,30,2
32,30,1
33,30,2
34,30,2
35,30,2
36,30,2
37,30,2
38,30,2
39,30,2
40,30,2
41,30,2
42,30,2
43,30,2
44,30,2
45,30,1
46,30,3
47,30,3
48,30,3
49,30,3
50,30,3
1,29,2
2,29,3
3,29,1
4,29,1
5,29,1
6,29,1
7,29,1
8,29,1
9,29,1
10,29,1
11,29,1
12,29,2
13,29,2
14,29,2
15,29,2
16,29,2
17,29,2
18,29,2
19,29,2
20,29,2
21,29,2
22,29,2
23,29,2
24,29,2
25,29,2
26,29,2
27,29,1
28,29,2
29,29,2
30,29,2
31,29,2
32,29,2
33,29,2
34,29,2
35,29,2
36,29,2
37,29,2
38,29,2
39,29,2
40,29,2
41,29,2
42,29,1
43,29,1
44,29,1
45,29,1
46,29,3
47,29,3
48,29,3
49,29,3
50,29,3
1,28,2
2,28,3
3,28,1
4,28,2
5,28,1
6,28,2
7,28,2
8,28,2
9,28,1
10,28,1
11,28,2
12,28,2
13,28,2
14,28,2
15,28,2
16,28,2
17,28,2
18,28,2
19,28,2
20,28,2
21,28,2
22,28,2
23,28,2
24,28,2
25,28,2
26,28,2
27,28,2
28,28,2
29,28,2
30,28,2
31,28,2
32,28,2
33,28,2
34,28,2
35,28,1
36,28,1
37,28,1
38,28,1
39,28,1
40,28,1
41,28,1
42,28,1
43,28,1
44,28,1
45,28,2
46,28,2
47,28,2
48,28,3
49,28,3
50,28,3
1,27,3
2,27,3
3,27,2
4,27,2
5,27,1
6,27,1
7,27,2
8,27,2
9,27,2
10,27,2
11,27,1
12,27,2
13,27,2
14,27,2
15,27,2
16,27,2
17,27,2
18,27,2
19,27,2
20,27,2
21,27,2
22,27,2
23,27,2
24,27,2
25,27,2
26,27,2
27,27,2
28,27,2
29,27,1
30,27,1
31,27,1
32,27,1
33,27,1
34,27,1
35,27,1
36,27,1
37,27,1
38,27,1
39,27,1
40,27,2
41,27,2
42,27,2
43,27,2
44,27,2
45,27,2
46,27,2
47,27,2
48,27,2
49,27,2
50,27,2
1,26,3
2,26,3
3,26,3
4,26,2
5,26,2
6,26,2
7,26,1
8,26,2
9,26,2
10,26,2
11,26,2
12,26,1
13,26,1
14,26,1
15,26,2
16,26,1
17,26,1
18,26,1
19,26,2
20,26,1
21,26,2
22,26,2
23,26,1
24,26,1
25,26,1
26,26,1
27,26,1
28,26,1
29,26,1
30,26,1
31,26,1
32,26,1
33,26,2
34,26,2
35,26,2
36,26,2
37,26,2
38,26,2
39,26,2
40,26,2
41,26,2
42,26,2
43,26,2
44,26,2
45,26,2
46,26,2
47,26,2
48,26,2
49,26,2
50,26,2
1,25,3
2,25,3
3,25,3
4,25,2
5,25,2
6,25,2
7,25,2
8,25,1
9,25,1
10,25,1
11,25,1
12,25,1
13,25,1
14,25,1
15,25,1
16,25,1
17,25,1
18,25,1
19,25,1
20,25,1
21,25,1
22,25,1
23,25,1
24,25,1
25,25,1
26,25,1
27,25,1
28,25,1
29,25,2
30,25,2
31,25,2
32,25,2
33,25,2
34,25,2
35,25,2
36,25,2
37,25,2
38,25,2
39,25,2
40,25,2
41,25,2
42,25,2
43,25,2
44,25,1
45,25,1
46,25,2
47,25,2
48,25,2
49,25,2
50,25,2
1,24,3
2,24,3
3,24,3
4,24,1
5,24,1
6,24,1
7,24,1
8,24,1
9,24,1
10,24,1
11,24,1
12,24,1
13,24,2
14,24,2
15,24,2
16,24,2
17,24,2
18,24,2
19,24,2
20,24,2
21,24,2
22,24,2
23,24,2
24,24,2
25,24,2
26,24,2
27,24,2
28,24,2
29,24,2
30,24,2
31,24,2
32,24,2
33,24,2
34,24,2
35,24,2
36,24,2
37,24,2
38,24,2
39,24,2
40,24,1
41,24,1
42,24,1
43,24,1
44,24,1
45,24,1
46,24,2
47,24,2
48,24,2
49,24,2
50,24,2
1,23,3
2,23,3
3,23,3
4,23,1
5,23,1
6,23,1
7,23,1
8,23,2
9,23,2
10,23,1
11,23,2
12,23,2
13,23,2
14,23,2
15,23,2
16,23,2
17,23,2
18,23,2
19,23,2
20,23,2
21,23,2
22,23,2
23,23,2
24,23,2
25,23,2
26,23,2
27,23,2
28,23,1
29,23,2
30,23,2
31,23,2
32,23,2
33,23,2
34,23,1
35,23,1
36,23,1
37,23,1
38,23,1
39,23,1
40,23,1
41,23,1
42,23,1
43,23,1
44,23,1
45,23,1
46,23,3
47,23,3
48,23,3
49,23,3
50,23,3
1,22,3
2,22,2
3,22,3
4,22,2
5,22,2
6,22,2
7,22,1
8,22,1
9,22,2
10,22,2
11,22,1
12,22,2
13,22,2
14,22,2
15,22,2
16,22,2
17,22,2
18,22,2
19,22,2
20,22,2
21,22,2
22,22,2
23,22,2
24,22,2
25,22,2
26,22,2
27,22,2
28,22,2
29,22,1
30,22,1
31,22,1
32,22,1
33,22,1
34,22,1
35,22,1
36,22,1
37,22,1
38,22,1
39,22,1
40,22,1
41,22,1
42,22,1
43,22,1
44,22,1
45,22,1
46,22,3
47,22,3
48,22,3
49,22,3
50,22,3
1,21,3
2,21,1
3,21,3
4,21,2
5,21,2
6,21,2
7,21,1
8,21,1
9,21,2
10,21,2
11,21,2
12,21,1
13,21,1
14,21,1
15,21,1
16,21,1
17,21,1
18,21,1
19,21,1
20,21,1
21,21,2
22,21,1
23,21,1
24,21,1
25,21,1
26,21,1
27,21,1
28,21,1
29,21,1
30,21,1
31,21,1
32,21,1
33,21,1
34,21,1
35,21,1
36,21,1
37,21,1
38,21,1
39,21,1
40,21,1
41,21,1
42,21,1
43,21,1
44,21,1
45,21,2
46,21,3
47,21,3
48,21,3
49,21,3
50,21,3
1,20,3
2,20,1
3,20,3
4,20,2
5,20,2
6,20,2
7,20,2
8,20,1
9,20,1
10,20,1
11,20,1
12,20,1
13,20,1
14,20,1
15,20,1
16,20,1
17,20,1
18,20,1
19,20,1
20,20,1
21,20,1
22,20,1
23,20,1
24,20,1
25,20,1
26,20,1
27,20,1
28,20,1
29,20,1
30,20,1
31,20,1
32,20,1
33,20,1
34,20,1
35,20,1
36,20,1
37,20,1
38,20,1
39,20,1
40,20,1
41,20,1
42,20,2
43,20,1
44,20,2
45,20,2
46,20,3
47,20,3
48,20,3
49,20,3
50,20,3
1,19,1
2,19,1
3,19,1
4,19,1
5,19,1
6,19,1
7,19,1
8,19,1
9,19,1
10,19,1
11,19,1
12,19,1
13,19,1
14,19,1
15,19,1
16,19,1
17,19,1
18,19,1
19,19,1
20,19,1
21,19,1
22,19,1
23,19,1
24,19,1
25,19,1
26,19,1
27,19,1
28,19,1
29,19,1
30,19,1
31,19,1
32,19,1
33,19,1
34,19,1
35,19,1
36,19,1
37,19,1
38,19,1
39,19,1
40,19,2
41,19,2
42,19,2
43,19,2
44,19,2
45,19,2
46,19,3
47,19,3
48,19,3
49,19,3
50,19,3
1,18,1
2,18,1
3,18,1
4,18,1
5,18,1
6,18,1
7,18,1
8,18,1
9,18,1
10,18,1
11,18,1
12,18,1
13,18,1
14,18,1
15,18,1
16,18,1
17,18,1
18,18,1
19,18,1
20,18,1
21,18,1
22,18,1
23,18,1
24,18,1
25,18,1
26,18,1
27,18,1
28,18,1
29,18,1
30,18,1
31,18,1
32,18,1
33,18,1
34,18,1
35,18,1
36,18,1
37,18,2
38,18,2
39,18,2
40,18,2
41,18,2
42,18,2
43,18,2
44,18,2
45,18,2
46,18,3
47,18,3
48,18,3
49,18,3
50,18,3
1,17,1
2,17,1
3,17,1
4,17,1
5,17,1
6,17,1
7,17,1
8,17,1
9,17,1
10,17,1
11,17,1
12,17,1
13,17,1
14,17,2
15,17,2
16,17,2
17,17,2
18,17,2
19,17,2
20,17,2
21,17,2
22,17,2
23,17,1
24,17,1
25,17,2
26,17,2
27,17,1
28,17,2
29,17,1
30,17,1
31,17,2
32,17,2
33,17,2
34,17,2
35,17,2
36,17,2
37,17,2
38,17,2
39,17,2
40,17,2
41,17,2
42,17,2
43,17,2
44,17,2
45,17,2
46,17,3
47,17,3
48,17,3
49,17,3
50,17,3
1,16,3
2,16,1
3,16,1
4,16,1
5,16,1
6,16,1
7,16,1
8,16,1
9,16,1
10,16,1
11,16,1
12,16,1
13,16,2
14,16,2
15,16,2
16,16,2
17,16,2
18,16,2
19,16,2
20,16,2
21,16,2
22,16,2
23,16,2
24,16,2
25,16,2
26,16,2
27,16,2
28,16,2
29,16,2
30,16,2
31,16,2
32,16,2
33,16,2
34,16,2
35,16,2
36,16,1
37,16,2
38,16,2
39,16,2
40,16,2
41,16,1
42,16,1
43,16,1
44,16,1
45,16,2
46,16,2
47,16,3
48,16,3
49,16,3
50,16,3
1,15,2
2,15,1
3,15,1
4,15,2
5,15,1
6,15,1
7,15,1
8,15,1
9,15,1
10,15,2
11,15,2
12,15,1
13,15,2
14,15,2
15,15,2
16,15,2
17,15,2
18,15,2
19,15,2
20,15,2
21,15,2
22,15,2
23,15,2
24,15,2
25,15,2
26,15,2
27,15,2
28,15,2
29,15,2
30,15,2
31,15,2
32,15,1
33,15,2
34,15,2
35,15,2
36,15,1
37,15,1
38,15,1
39,15,1
40,15,1
41,15,1
42,15,1
43,15,1
44,15,2
45,15,3
46,15,3
47,15,3
48,15,3
49,15,3
50,15,3
1,14,1
2,14,1
3,14,2
4,14,2
5,14,1
6,14,1
7,14,2
8,14,2
9,14,1
10,14,2
11,14,2
12,14,2
13,14,2
14,14,2
15,14,2
16,14,2
17,14,2
18,14,2
19,14,2
20,14,2
21,14,2
22,14,2
23,14,2
24,14,2
25,14,2
26,14,2
27,14,2
28,14,2
29,14,2
30,14,2
31,14,2
32,14,1
33,14,1
34,14,1
35,14,1
36,14,1
37,14,1
38,14,1
39,14,1
40,14,2
41,14,2
42,14,1
43,14,2
44,14,2
45,14,3
46,14,3
47,14,3
48,14,3
49,14,3
50,14,3
1,13,1
2,13,2
3,13,1
4,13,2
5,13,1
6,13,1
7,13,2
8,13,2
9,13,2
10,13,1
11,13,2
12,13,2
13,13,2
14,13,2
15,13,1
16,13,1
17,13,1
18,13,1
19,13,1
20,13,2
21,13,2
22,13,2
23,13,2
24,13,2
25,13,2
26,13,2
27,13,1
28,13,1
29,13,1
30,13,1
31,13,1
32,13,1
33,13,1
34,13,1
35,13,1
36,13,2
37,13,2
38,13,2
39,13,2
40,13,2
41,13,2
42,13,2
43,13,1
44,13,2
45,13,3
46,13,2
47,13,3
48,13,3
49,13,3
50,13,3
1,12,1
2,12,3
3,12,1
4,12,2
5,12,2
6,12,1
7,12,1
8,12,2
9,12,2
10,12,1
11,12,1
12,12,1
13,12,1
14,12,1
15,12,1
16,12,1
17,12,1
18,12,1
19,12,1
20,12,1
21,12,1
22,12,1
23,12,1
24,12,1
25,12,1
26,12,1
27,12,1
28,12,1
29,12,1
30,12,1
31,12,1
32,12,2
33,12,2
34,12,1
35,12,2
36,12,2
37,12,2
38,12,1
39,12,2
40,12,2
41,12,2
42,12,2
43,12,1
44,12,1
45,12,3
46,12,2
47,12,3
48,12,3
49,12,3
50,12,3
1,11,1
2,11,3
3,11,2
4,11,2
5,11,1
6,11,2
7,11,1
8,11,1
9,11,1
10,11,1
11,11,1
12,11,1
13,11,2
14,11,2
15,11,2
16,11,2
17,11,2
18,11,2
19,11,2
20,11,2
21,11,2
22,11,2
23,11,2
24,11,2
25,11,2
26,11,2
27,11,2
28,11,2
29,11,2
30,11,1
31,11,2
32,11,2
33,11,2
34,11,1
35,11,2
36,11,2
37,11,2
38,11,1
39,11,1
40,11,1
41,11,1
42,11,1
43,11,1
44,11,1
45,11,3
46,11,2
47,11,3
48,11,3
49,11,3
50,11,3
1,10,1
2,10,1
3,10,1
4,10,1
5,10,1
6,10,1
7,10,1
8,10,1
9,10,1
10,10,2
11,10,2
12,10,1
13,10,2
14,10,2
15,10,2
16,10,2
17,10,2
18,10,2
19,10,2
20,10,2
21,10,2
22,10,2
23,10,2
24,10,2
25,10,2
26,10,2
27,10,2
28,10,2
29,10,2
30,10,2
31,10,1
32,10,2
33,10,2
34,10,2
35,10,1
36,10,1
37,10,1
38,10,1
39,10,1
40,10,1
41,10,1
42,10,1
43,10,1
44,10,2
45,10,3
46,10,2
47,10,3
48,10,3
49,10,3
50,10,3
1,9,1
2,9,1
3,9,3
4,9,2
5,9,1
6,9,1
7,9,2
8,9,2
9,9,1
10,9,2
11,9,2
12,9,2
13,9,2
14,9,2
15,9,2
16,9,2
17,9,2
18,9,2
19,9,2
20,9,2
21,9,2
22,9,2
23,9,2
24,9,2
25,9,2
26,9,2
27,9,2
28,9,2
29,9,2
30,9,2
31,9,1
32,9,1
33,9,1
34,9,1
35,9,1
36,9,1
37,9,1
38,9,1
39,9,1
40,9,1
41,9,2
42,9,2
43,9,1
44,9,2
45,9,3
46,9,2
47,9,3
48,9,3
49,9,3
50,9,3
1,8,1
2,8,1
3,8,1
4,8,1
5,8,1
6,8,1
7,8,2
8,8,2
9,8,2
10,8,2
11,8,2
12,8,2
13,8,2
14,8,1
15,8,1
16,8,1
17,8,1
18,8,1
19,8,1
20,8,1
21,8,2
22,8,2
23,8,2
24,8,2
25,8,2
26,8,2
27,8,1
28,8,1
29,8,1
30,8,1
31,8,1
32,8,1
33,8,1
34,8,1
35,8,1
36,8,1
37,8,1
38,8,2
39,8,1
40,8,2
41,8,2
42,8,2
43,8,1
44,8,3
45,8,3
46,8,3
47,8,3
48,8,3
49,8,3
50,8,3
1,7,2
2,7,1
3,7,1
4,7,3
5,7,2
6,7,1
7,7,2
8,7,2
9,7,2
10,7,1
11,7,1
12,7,1
13,7,1
14,7,1
15,7,1
16,7,1
17,7,1
18,7,1
19,7,1
20,7,1
21,7,1
22,7,2
23,7,1
24,7,1
25,7,1
26,7,1
27,7,1
28,7,1
29,7,1
30,7,1
31,7,1
32,7,2
33,7,2
34,7,2
35,7,2
36,7,1
37,7,2
38,7,2
39,7,1
40,7,2
41,7,2
42,7,1
43,7,1
44,7,3
45,7,3
46,7,3
47,7,3
48,7,3
49,7,3
50,7,3
1,6,3
2,6,1
3,6,1
4,6,3
5,6,2
6,6,1
7,6,1
8,6,1
9,6,1
10,6,1
11,6,1
12,6,1
13,6,1
14,6,1
15,6,1
16,6,1
17,6,2
18,6,1
19,6,1
20,6,2
21,6,1
22,6,2
23,6,2
24,6,1
25,6,1
26,6,2
27,6,2
28,6,2
29,6,2
30,6,2
31,6,2
32,6,2
33,6,1
34,6,2
35,6,2
36,6,1
37,6,1
38,6,1
39,6,1
40,6,1
41,6,1
42,6,1
43,6,1
44,6,3
45,6,3
46,6,3
47,6,3
48,6,3
49,6,3
50,6,3
1,5,1
2,5,1
3,5,1
4,5,2
5,5,1
6,5,1
7,5,1
8,5,1
9,5,1
10,5,1
11,5,1
12,5,2
13,5,2
14,5,2
15,5,2
16,5,2
17,5,2
18,5,2
19,5,2
20,5,2
21,5,2
22,5,2
23,5,2
24,5,2
25,5,2
26,5,2
27,5,2
28,5,2
29,5,2
30,5,1
31,5,2
32,5,2
33,5,1
34,5,1
35,5,1
36,5,1
37,5,1
38,5,1
39,5,1
40,5,1
41,5,1
42,5,1
43,5,1
44,5,3
45,5,3
46,5,3
47,5,3
48,5,3
49,5,3
50,5,3
1,4,1
2,4,1
3,4,1
4,4,3
5,4,2
6,4,1
7,4,1
8,4,2
9,4,2
10,4,2
11,4,1
12,4,2
13,4,2
14,4,2
15,4,2
16,4,2
17,4,2
18,4,2
19,4,2
20,4,2
21,4,2
22,4,2
23,4,2
24,4,2
25,4,2
26,4,2
27,4,2
28,4,2
29,4,2
30,4,1
31,4,1
32,4,1
33,4,1
34,4,1
35,4,1
36,4,1
37,4,1
38,4,1
39,4,1
40,4,1
41,4,1
42,4,1
43,4,2
44,4,3
45,4,3
46,4,3
47,4,3
48,4,3
49,4,3
50,4,3
1,3,1
2,3,1
3,3,1
4,3,1
5,3,2
6,3,2
7,3,1
8,3,2
9,3,2
10,3,2
11,3,2
12,3,2
13,3,2
14,3,2
15,3,2
16,3,2
17,3,2
18,3,2
19,3,2
20,3,2
21,3,2
22,3,2
23,3,2
24,3,2
25,3,2
26,3,2
27,3,2
28,3,2
29,3,1
30,3,1
31,3,1
32,3,1
33,3,1
34,3,1
35,3,1
36,3,1
37,3,1
38,3,1
39,3,1
40,3,1
41,3,1
42,3,1
43,3,3
44,3,3
45,3,3
46,3,3
47,3,3
48,3,3
49,3,3
50,3,3
1,2,2
2,2,1
3,2,1
4,2,1
5,2,2
6,2,2
7,2,1
8,2,1
9,2,1
10,2,1
11,2,1
12,2,1
13,2,1
14,2,1
15,2,1
16,2,1
17,2,1
18,2,1
19,2,1
20,2,1
21,2,1
22,2,1
23,2,1
24,2,1
25,2,1
26,2,1
27,2,1
28,2,1
29,2,1
30,2,1
31,2,1
32,2,1
33,2,1
34,2,1
35,2,1
36,2,1
37,2,1
38,2,1
39,2,1
40,2,1
41,2,1
42,2,1
43,2,3
44,2,3
45,2,3
46,2,3
47,2,3
48,2,3
49,2,3
50,2,3
1,1,2
2,1,1
3,1,1
4,1,1
5,1,1
6,1,1
7,1,1
8,1,1
9,1,1
10,1,1
11,1,1
12,1,1
13,1,1
14,1,1
15,1,1
16,1,1
17,1,1
18,1,1
19,1,1
20,1,1
21,1,1
22,1,1
23,1,1
24,1,1
25,1,1
26,1,1
27,1,1
28,1,1
29,1,1
30,1,1
31,1,1
32,1,1
33,1,1
34,1,1
35,1,1
36,1,1
37,1,1
38,1,1
39,1,1
40,1,1
41,1,1
42,1,1
43,1,3
44,1,3
45,1,3
46,1,3
47,1,3
48,1,3
49,1,3
50,1,3
1,0,3
2,0,1
3,0,1
4,0,1
5,0,1
6,0,1
7,0,1
8,0,1
9,0,1
10,0,1
11,0,1
12,0,1
13,0,1
14,0,1
15,0,1
16,0,1
17,0,1
18,0,1
19,0,1
20,0,1
21,0,1
22,0,1
23,0,1
24,0,1
25,0,1
26,0,1
27,0,1
28,0,1
29,0,1
30,0,1
31,0,1
32,0,1
33,0,1
34,0,1
35,0,1
36,0,1
37,0,1
38,0,1
39,0,1
40,0,1
41,0,1
42,0,1
43,0,3
44,0,3
45,0,3
46,0,3
47,0,3
48,0,3
49,0,3
50,0,3
